{
  "Full Screen Map for ATS 16:9": "https://steamcommunity.com/sharedfiles/filedetails/?id=2709286397",
  "North America Map": "https://steamcommunity.com/sharedfiles/filedetails/?id=3348711188",
  "FPH SpedV Frachtkontor": "https://steamcommunity.com/sharedfiles/filedetails/?id=1757415299",
  "Sound Fixes Pack v25.28.1 - ATS": "https://truckymods.io/american-truck-simulator/sound/sound-fixes-pack",
  "Realistic Brutal Graphics And Weather": "https://steamcommunity.com/sharedfiles/filedetails/?id=3103055868",
  "minimal adviser interface for ATS \u0026 ETS2 - top bar version": "https://steamcommunity.com/sharedfiles/filedetails/?id=718961487",
  "Realistic Drivers": "https://steamcommunity.com/sharedfiles/filedetails/?id=3364175181",
  "More Realistic Fines": "https://steamcommunity.com/sharedfiles/filedetails/?id=2944059934",
  "Hella Rallye 3000": "https://steamcommunity.com/sharedfiles/filedetails/?id=1561439719",
  "Unlimited Seat Adjustment": "https://steamcommunity.com/sharedfiles/filedetails/?id=2976866245",
  "Original Headlighs Improved": "https://steamcommunity.com/sharedfiles/filedetails/?id=3360783828",
  "SiSL\u0027s Mega Pack": "https://steamcommunity.com/sharedfiles/filedetails/?id=652225351",
  "Real Brands AI Trailer Addon": "https://steamcommunity.com/sharedfiles/filedetails/?id=2731616720",
  "Real companies, gas stations \u0026 billboards": "https://steamcommunity.com/sharedfiles/filedetails/?id=2316796205",
  "Real World Signs \u0026 Logos": "https://steamcommunity.com/sharedfiles/filedetails/?id=2780427783",
  "Camera Mod": "https://steamcommunity.com/sharedfiles/filedetails/?id=3006377097"
}