{
  "3 in 1 Northern Open Spaces RC": "https://truckymods.io/euro-truck-simulator-2/map-patches/3-in-1-northern-open-spaces-rc",
  "Addon ProMods IMP - 1.55": "https://zenonemattia.wixsite.com/italy-map-project/download",
  "Africa Extended": "https://truckymods.io/euro-truck-simulator-2/maps/africa-extended",
  "Africa Extended - RIW RC": "https://truckymods.io/euro-truck-simulator-2/map-patches/africa-extended-riw-rc-814535",
  "AI Traffic Pack by Jazzycat 21.8.6": "https://www.modland.net/user/jazzycat",
  "Alekseevskoye - Almetyevsk Highway": "https://truckymods.io/euro-truck-simulator-2/maps/alekseevskoye-almetyevsk-highway-addon-779599",
  "ALTAI - R.O.C RC": "https://truckymods.io/euro-truck-simulator-2/maps/altai-road-of-cunghwa-roc-road-connection-841879",
  "Altai Map": "https://truckymods.io/euro-truck-simulator-2/maps/altai-map-334944",
  "Antarctica Map 0.8 DEF": "https://truckymods.io/euro-truck-simulator-2/maps/antarctica-map",
  "Antarctica Map 0.8 MAP": "https://truckymods.io/euro-truck-simulator-2/maps/antarctica-map",
  "Archis ARMENIA V1.0": "https://truckymods.io/euro-truck-simulator-2/maps/archis-armenia-v10",
  "Australia Tasmania def": "https://modsfire.com/gV29197I57Wqoc3",
  "Australia Tasmania map FIX": "https://truckymods.io/euro-truck-simulator-2/map-patches/australia-tasmania-map-fix",
  "Australia Tasmania model": "https://modsfire.com/gV29197I57Wqoc3",
  "AZCustom Parts for Volvo FH4/5/6": "https://forum.scssoft.com/viewtopic.php?t=340126",
  "BC-Exterior Belka accessory v2.6.0": "https://steamcommunity.com/sharedfiles/filedetails/?id=2661499223",
  "BC-Interior Belka accessory 0.7.3 beta": "https://steamcommunity.com/sharedfiles/filedetails/?id=2898264929",
  "Bearisland1.0": "https://truckymods.io/euro-truck-simulator-2/maps/bear-island-742207",
  "Belt of the Tundra": "https://truckymods.io/euro-truck-simulator-2/maps/belt-of-the-tundra",
  "Bengan\u0027s Swedish Islands Map": "Fehler",
  "Beyond - Caucasus Dream Map Road Connection": "https://truckymods.io/euro-truck-simulator-2/maps/caucasus-dream-map-beyond-road-connection-727741",
  "Beyond by TerraMaps 1": "https://terramaps.net/download/view.php?game=beyondets2",
  "Beyond by TerraMaps 2": "https://terramaps.net/download/view.php?game=beyondets2",
  "Beyond by TerraMaps 3": "https://terramaps.net/download/view.php?game=beyondets2",
  "Beyond by TerraMaps 4": "https://terramaps.net/download/view.php?game=beyondets2",
  "Beyond by TerraMaps 5": "https://terramaps.net/download/view.php?game=beyondets2",
  "Beyond Combo Fix": "https://truckymods.io/euro-truck-simulator-2/map-patches/beyond-combo-fix-691222",
  "Boksitogorsk - Vyshny Volochek RC (RM 2.55)": "https://kieqw.github.io/kieqwmods.github.io/boksitogorsk.html",
  "Bourges Updated": "https://truckymods.io/euro-truck-simulator-2/maps/bourges-updated-v10",
  "Bulgaria in Focus": "https://truckymods.io/euro-truck-simulator-2/maps/bulgaria-in-focus",
  "Bus Traffic Pack by Jazzycat v18.1.6": "https://www.modland.net/user/jazzycat",
  "Camera Mod": "https://steamcommunity.com/sharedfiles/filedetails/?id=3003629942",
  "Canada Map FIX": "https://truckymods.io/euro-truck-simulator-2/map-patches/canada-map-fix",
  "Caucasus dream map": "https://sharemods.com/fd85w6u1wf8k/Caucasus_dream_map_2.6.rar.html",
  "Caucasus Dream Map - ProMods RC 1.55-1.0": "https://truckymods.io/euro-truck-simulator-2/map-assets/155caucasus-dream-map-promods-rc-939013",
  "Caucasus dream map def": "https://sharemods.com/fd85w6u1wf8k/Caucasus_dream_map_2.6.rar.html",
  "Caucasus dream map model": "https://sharemods.com/fd85w6u1wf8k/Caucasus_dream_map_2.6.rar.html",
  "Caucasus dream map model 2": "https://sharemods.com/fd85w6u1wf8k/Caucasus_dream_map_2.6.rar.html",
  "Caucasus Expansion - SRmap Road Connection": "https://modsfile.com/ido1ubzf7hrw/Caucasus_Expansion_-_SRMAP___40_Road_Connection__41_.scs.html",
  "Central Russia - Project Russia - Project Chernozemye - Roextended RC": "https://truckymods.io/euro-truck-simulator-2/map-patches/project-russia-project-chernozemye-roextended-rc-778062",
  "CentralRussia": "https://truckymods.io/euro-truck-simulator-2/maps/central-russia",
  "Cesko-Slovensko(Silesia) RC": "https://truckymods.io/euro-truck-simulator-2/map-patches/project-cesko-slovenskosilesia-rc-707210",
  "CTMV2\\xe5\\xa2\\x9e\\xe5\\xbc\\xba\\xe5\\x8c\\x85-1(\\xe9\\x80\\x89\\xe8\\xa3\\x85)": "https://sharemods.com/3h1912w3bycz/Truck_dream_road.html",
  "Daniels Random Events Mod": "https://forum.scssoft.com/viewtopic.php?t=265242",
  "Daniels Random Events Mod - More Bumpy Asphalt Patches Addon": "https://forum.scssoft.com/viewtopic.php?t=265242",
  "db_model 1.54": "https://truckymods.io/euro-truck-simulator-2/maps/donbass-map-461295",
  "db_SRfix_154": "https://truckymods.io/euro-truck-simulator-2/map-patches/donbass-map-southern-region-fix-260276",
  "def canada v 0.2.5": "https://sharemods.com/pty43cgsjllj/Canada_map_v0.2.5-1.42_.rar.html",
  "donbass_map 1 54": "https://truckymods.io/euro-truck-simulator-2/maps/donbass-map-461295",
  "DreamLand - Def_Model (1)": "https://forum.scssoft.com/viewtopic.php?t=319655",
  "DreamLand - Map (3)": "https://forum.scssoft.com/viewtopic.php?t=319655",
  "DreamLand - Model 2 (2)": "https://forum.scssoft.com/viewtopic.php?t=319655",
  "E60 Extended - ProMods Addon": "https://truckymods.io/euro-truck-simulator-2/maps/e60-extended-promods-addon-768660",
  "EAA Base": "https://cluberotas.com/en/products/explorando-a-america?variant=45239316283617",
  "EAA Map - SEM EUROPA": "https://cluberotas.com/en/products/explorando-a-america?variant=45239316283617",
  "EAA Rescaled": "https://truckymods.io/euro-truck-simulator-2/map-patches/eaa-rescaled-539673",
  "EAA Share": "https://cluberotas.com/en/products/explorando-a-america?variant=45239316283617",
  "Egyptian-Libyan Gateway": "https://truckymods.io/euro-truck-simulator-2/maps/egyptian-libyan-gateway-843003",
  "El Enclaves - RIW RC": "https://truckymods.io/euro-truck-simulator-2/map-patches/el-enclaves-riw-rc-496682",
  "El-Enclaves and Balearic Islands 0.5 ( ProMods Addon )": "https://truckymods.io/euro-truck-simulator-2/maps/el-enclaves-promods-addon-146",
  "ETS2 Global Background Map": "https://truckymods.io/euro-truck-simulator-2/ui/ets2-global-background-map",
  "ETS2 Global Background Map - Grand Utopia\u002B": "https://truckymods.io/euro-truck-simulator-2/ui/ets2-global-background-map-grand-utopia-450708",
  "Europe FSG": "https://truckymods.io/euro-truck-simulator-2/maps/european-fsg-238554",
  "European Dreamland": "https://truckymods.io/euro-truck-simulator-2/maps/european-dreamland-717301",
  "European Grand Utopia": "https://truckymods.io/euro-truck-simulator-2/maps/european-grand-utopia",
  "European Virtual Lands - Europe Compatibility": "https://truckymods.io/euro-truck-simulator-2/map-patches/european-virtual-lands-europe-compatibility-678573",
  "Expanded FH Customisation": "https://steamcommunity.com/sharedfiles/filedetails/?id=3386646354",
  "F4000": "Fehler",
  "Far East Russia": "https://truckymods.io/euro-truck-simulator-2/maps/far-east-russia",
  "FER - OTGR RC": "https://truckymods.io/euro-truck-simulator-2/map-patches/far-east-russia-otgr-rc-665240",
  "FLD Patch": "https://truckymods.io/euro-truck-simulator-2/map-patches/fld-patch",
  "FLD Patch (ProMods Addon)": "https://truckymods.io/euro-truck-simulator-2/map-patches/fld-patch-promods-addon",
  "FLD Patch Promods Fix": "https://truckymods.io/euro-truck-simulator-2/map-patches/fld-patch-promods-fix-773707",
  "FSG Map Assets 1.4.3": "https://truckymods.io/euro-truck-simulator-2/maps/fsg-map",
  "FSG Map Def 1.4.3": "https://truckymods.io/euro-truck-simulator-2/maps/fsg-map",
  "FSG Map Prefab 1.4.3": "https://truckymods.io/euro-truck-simulator-2/maps/fsg-map",
  "FSG Promods Fix": "https://truckymods.io/euro-truck-simulator-2/map-patches/european-fsg-promods-fix-841690",
  "Full Screen Map for ETS2 16:9": "https://steamcommunity.com/sharedfiles/filedetails/?id=2684333398",
  "Grand Utopia": "https://truckymods.io/euro-truck-simulator-2/maps/grand-utopia-map",
  "GrandUtopia SJMap Fix": "https://truckymods.io/euro-truck-simulator-2/map-patches/europe-grandutopia-sjmap-fix-722043",
  "GrandUtopia Tours Fix": "https://truckymods.io/euro-truck-simulator-2/map-patches/grandutopia-tours-fix-912387",
  "Gukovo (Donbass Version)": "https://truckymods.io/euro-truck-simulator-2/maps/gukovo-map",
  "Heart of Africa": "truckymods.io/euro-truck-simulator-2/map-patches/west-africa-fix",
  "Heart of Africa Assets": "truckymods.io/euro-truck-simulator-2/map-patches/west-africa-fix",
  "Horn of Africa - Assets/Models 1": "https://truckymods.io/euro-truck-simulator-2/maps/horn-of-africa",
  "Horn of Africa - Assets/Models 2": "https://truckymods.io/euro-truck-simulator-2/maps/horn-of-africa",
  "Horn of Africa - Def/Map": "https://truckymods.io/euro-truck-simulator-2/maps/horn-of-africa",
  "Iberia Map Combo Fix": "https://truckymods.io/euro-truck-simulator-2/map-patches/iberia-map-combo-fix-641164",
  "Iberia Promods Map RW v1.3.5": "https://truckymods.io/euro-truck-simulator-2/maps/wip-addon-promods-iberia-rework-v10-146-relase-date-14022023",
  "Icons!": "https://steamcommunity.com/sharedfiles/filedetails/?id=2819211949",
  "Ireland Map 0.1.1": "https://truckymods.io/euro-truck-simulator-2/maps/ireland-map-promods-add-on-mod",
  "Isle Of Colonsay V2.0": "https://truckymods.io/euro-truck-simulator-2/maps/isle-of-colonsay",
  "Italy Map Project V14": "https://zenonemattia.wixsite.com/italy-map-project/download",
  "Java Road Revolution (JRR) Assets \u0026 Models 1": "https://truckymods.io/euro-truck-simulator-2/maps/jrr-java-road-revolution-indonesia-addon-map",
  "Java Road Revolution (JRR) Assets \u0026 Models 2": "https://truckymods.io/euro-truck-simulator-2/maps/jrr-java-road-revolution-indonesia-addon-map",
  "Java Road Revolution (JRR) Def \u0026 Map": "https://truckymods.io/euro-truck-simulator-2/maps/jrr-java-road-revolution-indonesia-addon-map",
  "Jerry\u0027s FullScreen Maps (ETS2)": "https://truckymods.io/euro-truck-simulator-2/ui/jerrys-fullscreen-maps-ets2",
  "Jerry\u0027s Original Loading Screen (ETS2)": "https://truckymods.io/euro-truck-simulator-2/ui/jerrys-original-loading-screen-ets2",
  "Kaz Rusmap Fix": "https://truckymods.io/euro-truck-simulator-2/map-patches/kaz-rusmap-fix-470827",
  "Kaz SRMap Fix": "https://truckymods.io/euro-truck-simulator-2/map-patches/kaz-srmap-fix-784555",
  "Kazakhstan - Altai RC": "https://truckymods.io/euro-truck-simulator-2/maps/kazakhstan-altai-road-connection",
  "Kazakhstan - Beyond RC": "https://truckymods.io/euro-truck-simulator-2/maps/kazakhstan-beyond-road-connection",
  "Kazakhstan - Sibir RC": "https://truckymods.io/euro-truck-simulator-2/maps/kazakhstan-sibir-rc",
  "Kazakhstan OTGR Fix": "https://truckymods.io/euro-truck-simulator-2/map-patches/republic-of-kazakhstan-otgr-fix-885524",
  "Kirishi - Tikhvin RC": "https://kieqw.github.io/kieqwmods.github.io/kirishi-tikhvin-rc.html",
  "KirovMap 1.7.2(1.55)": "https://vk.com/@ets2_kirov-kirov-map-17",
  "Kovylkino Map Beta": "https://modsfile.com/rpagsye8c9lc/KovylkinoBeta.scs.html",
  "Krone Swap Bodies - Custom Skins": "https://forum.scssoft.com/viewtopic.php?t=302207",
  "Krone Swap Body Pack (Dependency) by Sebastian7870 for Volvo FH2022 by Sanax": "https://sanax.gumroad.com/l/fh2022premium",
  "Latvia rebuild v1.28 for PM 2.75": "https://truckymods.io/euro-truck-simulator-2/maps/latvia-rebuild",
  "M12 Project Russia 5.6.3 RC": "https://mega.nz/file/COoxCTLb#sgXwNwQLPbmcP35aI1EVP2883zEHucVf_O9uDqQCjhc",
  "M12 Sibirmap 2.10.2 RC": "https://mega.nz/file/bXJ01Swa#GkmES5puyIC05JNBhSAKySQPS6b1gEsvKKLPh9QXKJk",
  "M12 Vostok English City Names": "https://truckymods.io/euro-truck-simulator-2/map-patches/m12-vostok-english-city-names-517981",
  "M12_vostok_V.3.0": "https://mega.nz/file/bXJ01Swa#GkmES5puyIC05JNBhSAKySQPS6b1gEsvKKLPh9QXKJk",
  "Maldives Map 0.1": "https://truckymods.io/euro-truck-simulator-2/maps/maldives-map-448388",
  "MedMap - Italy Map Project FIX": "https://truckymods.io/euro-truck-simulator-2/map-patches/medmap-italy-map-project-rc",
  "MedMap Reborn-Def 1.55-1.0": "https://truckymods.io/euro-truck-simulator-2/maps/medmap-reborn",
  "minimal adviser interface for ATS \u0026 ETS2 - top bar version": "https://steamcommunity.com/sharedfiles/filedetails/?id=965316198",
  "More European Cities (Greece)": "https://truckymods.io/euro-truck-simulator-2/maps/more-european-cities-greece-502977",
  "More European Cities (Greece) - Beyond RC": "https://truckymods.io/euro-truck-simulator-2/map-patches/more-european-cities-greece-beyond-rc-425090",
  "More European Cities (Switzerland)": "https://truckymods.io/euro-truck-simulator-2/maps/more-european-cities-free-edition",
  "More Realistic Fines": "https://steamcommunity.com/sharedfiles/filedetails/?id=2062936013",
  "Motorcycle Traffic Pack by Jazzycat v6.5.11": "https://www.modland.net/user/jazzycat",
  "Nauru Map": "https://truckymods.io/euro-truck-simulator-2/maps/nauru-map",
  "NNMap - RusMap RC 1.55-1.1": "https://truckymods.io/euro-truck-simulator-2/map-patches/nnmap-rusmap-rc-448200",
  "NNmap 1.2.1": "https://truckymods.io/euro-truck-simulator-2/maps/nnmap",
  "North Map - ProMods Merge": "https://truckymods.io/euro-truck-simulator-2/maps/north-map-promods-merge",
  "Northern Russia Regions 1.53 v.0.3 PAID": "https://truckymods.io/euro-truck-simulator-2/maps/northern-russia-regions-map-project-discontinued",
  "Northern_open_spaces": "https://truckymods.io/euro-truck-simulator-2/maps/northern-open-spaces",
  "Off the Grid - Assets/Models": "https://truckymods.io/euro-truck-simulator-2/maps/off-the-grid-russia",
  "Off the Grid - Def/Map": "https://truckymods.io/euro-truck-simulator-2/maps/off-the-grid-russia",
  "Off the Grid - Special Transport": "https://truckymods.io/euro-truck-simulator-2/maps/off-the-grid-russia",
  "Off the Grid Russia - Northern Open Spaces RC": "https://truckymods.io/euro-truck-simulator-2/map-patches/russian-open-spaces-off-the-grid-russia-rc",
  "Original Headlights Improved": "https://steamcommunity.com/workshop/filedetails/?id=3342926809",
  "Painted BDF Traffic Pack by Jazzycat 15.6.7": "https://www.modland.net/user/jazzycat",
  "Painted Truck Traffic by Jazzycat v18.7.6": "https://www.modland.net/user/jazzycat",
  "Pays de la Loire Extended": "https://truckymods.io/euro-truck-simulator-2/maps/beta-pays-de-la-loire-extended",
  "PmBarcelona EXP": "https://truckymods.io/euro-truck-simulator-2/maps/barcelona-exp-promods-add-on",
  "Portugal Rebuild v 0.1.5 Promods addon": "https://truckymods.io/euro-truck-simulator-2/maps/portugal-rebuild-v01",
  "Project Caribbean": "https://truckymods.io/euro-truck-simulator-2/maps/project-cuba-614926",
  "Project Chernozemye - Donbass - Roextended RC": "https://truckymods.io/euro-truck-simulator-2/map-patches/project-chernozemye-donbass-roextended-rc-332318",
  "Project Chernozemye 2.0.2\\xd0\\xb0 DEF": "https://truckymods.io/euro-truck-simulator-2/maps/project-belogorye",
  "Project Chernozemye 2.0.2\\xd0\\xb0 MAP": "https://truckymods.io/euro-truck-simulator-2/maps/project-belogorye",
  "Project Chernozemye 2.0.2\u0430 DEF": "https://truckymods.io/euro-truck-simulator-2/maps/project-belogorye",
  "Project Chernozemye 2.0.2\u0430 MAP": "https://truckymods.io/euro-truck-simulator-2/maps/project-belogorye",
  "Project Chernozemye Combo Fix": "https://truckymods.io/euro-truck-simulator-2/map-patches/project-russia-project-chernozemye-rc-922744",
  "Project Comoros 1.55-1.0": "https://truckymods.io/euro-truck-simulator-2/maps/project-comoros",
  "Project Russia": "https://truckymods.io/euro-truck-simulator-2/maps/project-russia",
  "Project Russia - Aldimator Rusmap RC": "https://truckymods.io/euro-truck-simulator-2/map-patches/project-russia-aldimator-rusmap-rc-660973",
  "Project Russia - Project Chernozemye - Roextended RC": "https://truckymods.io/euro-truck-simulator-2/map-patches/project-russia-project-chernozemye-roextended-rc-778062",
  "Project Russia 5.6.3 \u0026 Central Russia 1.2 FIX": "https://truckymods.io/euro-truck-simulator-2/map-patches/project-russia-563-central-russia-12-fix-531640",
  "Project Russia 5.6.3 \u0026 Central Russia 1.2 FIX(FIX 1.3)": "https://vk.com/wall-208166391_19429",
  "Project Russia Fix": "https://truckymods.io/euro-truck-simulator-2/map-patches/project-rusmap-fix-135994",
  "Project Saratov 1.1": "https://truckymods.io/euro-truck-simulator-2/maps/project-saratov-656965",
  "Projekt \\xc4\\x8cesko - ProMods RC": "https://truckymods.io/euro-truck-simulator-2/map-assets/projekt-cesko-promods-rc",
  "Projekt \\xc4\\x8cesko v2.45 Assets 2 package": "https://truckymods.io/euro-truck-simulator-2/maps/projekt-cesko-v101-a-better-czechia",
  "Projekt \\xc4\\x8cesko v2.45 Assets package": "https://truckymods.io/euro-truck-simulator-2/maps/projekt-cesko-v101-a-better-czechia",
  "Projekt \\xc4\\x8cesko v2.45 Def\u002BMap package": "https://truckymods.io/euro-truck-simulator-2/maps/projekt-cesko-v101-a-better-czechia",
  "ProMods - Caucasus Dream Map RC Fix": "https://truckymods.io/euro-truck-simulator-2/map-patches/promods-caucasus-dream-map-rc-fix-478379",
  "ProMods - More Europe City (Switzerland) RC": "https://truckymods.io/euro-truck-simulator-2/map-patches/promods-more-europe-citiesswitzerland-rc-999741",
  "ProMods Addon - Emden (V7)": "https://truckymods.io/euro-truck-simulator-2/maps/promods-addon-emden",
  "ProMods Assets Package": "https://promods.net/setup.php?game=ets",
  "ProMods Cabin Accessories Pack": "https://promods.net/extra.php?mod=cap",
  "Promods Combo Fix": "https://truckymods.io/euro-truck-simulator-2/map-patches/promods-combo-fix-934999",
  "ProMods Definition Package": "https://promods.net/setup.php?game=ets",
  "ProMods DLC Support Package": "https://promods.net/setup.php?game=ets",
  "Promods Greece - Beyond Corfu RC": "https://truckymods.io/euro-truck-simulator-2/map-patches/promods-greece-beyond-corfu-rc-118980",
  "ProMods Map Package": "https://promods.net/setup.php?game=ets",
  "Promods ME - Caucasus Dream Map RC": "https://kieqw.github.io/kieqwmods.github.io/promods-me-caucasus-rc.html",
  "ProMods Media Package": "https://promods.net/setup.php?game=ets",
  "Promods Middle East - Roextended RC": "https://truckymods.io/euro-truck-simulator-2/map-patches/promods-middle-east-roextended-rc-848127",
  "ProMods Middle-East Add-on (Assets Package)": "https://promods.net/setup.php?game=me",
  "ProMods Middle-East Add-on (Def \u0026 Map Package)": "https://promods.net/setup.php?game=me",
  "ProMods Models Package 1": "https://promods.net/setup.php?game=ets",
  "ProMods Models Package 2": "https://promods.net/setup.php?game=ets",
  "ProMods Models Package 3": "https://promods.net/setup.php?game=ets",
  "ProMods RusMap Roextended Connector (ProMods priority version)": "https://truckymods.io/euro-truck-simulator-2/map-patches/promods-rusmap-roextended-connector-promods-priority-version-880092",
  "ProMods Trailer and Company Pack (Company Definition)": "https://promods.net/extra.php?mod=tcp",
  "ProMods Trailer and Company Pack (Company Package)": "https://promods.net/extra.php?mod=tcp",
  "ProMods Trailer and Company Pack (Main Trailer Definition)": "https://promods.net/extra.php?mod=tcp",
  "ProMods Trailer and Company Pack (Standalone Trailer Definition)": "https://promods.net/extra.php?mod=tcp",
  "ProMods Trailer and Company Pack (Trailer Package)": "https://promods.net/extra.php?mod=tcp",
  "PROMODS-SRmap Road Connection": "https://truckymods.io/euro-truck-simulator-2/maps/promods-srmap-roadconnection",
  "Pyla map add-on v1.2": "https://truckymods.io/euro-truck-simulator-2/maps/pyla-map-add-on-v10",
  "R.O.C mod 1.55": "https://drive.google.com/drive/folders/12BbfXzTuCgOOdPU3kbXEXx-prJLWKQDg",
  "R.O.C mod AI def": "https://drive.google.com/drive/folders/12BbfXzTuCgOOdPU3kbXEXx-prJLWKQDg",
  "R.O.C mod def": "https://drive.google.com/drive/folders/12BbfXzTuCgOOdPU3kbXEXx-prJLWKQDg",
  "R.O.C mod test 1.55": "https://drive.google.com/drive/folders/12BbfXzTuCgOOdPU3kbXEXx-prJLWKQDg",
  "R.O.C mod test 1.55 _2": "https://drive.google.com/drive/folders/12BbfXzTuCgOOdPU3kbXEXx-prJLWKQDg",
  "R.O.C mod UI": "https://drive.google.com/drive/folders/12BbfXzTuCgOOdPU3kbXEXx-prJLWKQDg",
  "Real Ai Traffic Sounds ETS2 (FMOD)": "https://steamcommunity.com/sharedfiles/filedetails/?id=2229578154",
  "Real companies \u0026 gas stations": "https://steamcommunity.com/sharedfiles/filedetails/?id=2933731468",
  "Real Traffic Density ETS2": "https://steamcommunity.com/sharedfiles/filedetails/?id=1236032431",
  "Realistic Brutal Graphics And Weather": "https://steamcommunity.com/sharedfiles/filedetails/?id=3103086032",
  "Realistic Drivers - ETS2 Version": "https://steamcommunity.com/workshop/filedetails/?id=3380496097",
  "Realistic Truck-Effect-Sounds V1.1 by Max2712": "https://steamcommunity.com/sharedfiles/filedetails/?id=2445186647",
  "Realistic Vehicle Lights Mod v7.4 for ETS 2 (by Frkn64)": "https://frkn64modding.com/realistic-vehicle-lights-mod-for-ets-2",
  "Republic of Kazakhstan def": "https://sharemods.com/gmrogvge2nby/Map_of_the_Republic_of_Kazakhstan_v_0.8.7z.html",
  "Republic of Kazakhstan FIX": "https://truckymods.io/euro-truck-simulator-2/map-patches/map-of-the-republic-of-kazakhstan-fix",
  "Republic of Kazakhstan Fix (2)": "https://truckymods.io/euro-truck-simulator-2/map-patches/kazakhstan-city-name-fixes",
  "Republic of Kazakhstan model": "https://sharemods.com/gmrogvge2nby/Map_of_the_Republic_of_Kazakhstan_v_0.8.7z.html",
  "Rhineland Map": "https://truckymods.io/euro-truck-simulator-2/maps/rhineland-map-119",
  "Rhineland Map - ProMods RC": "https://truckymods.io/euro-truck-simulator-2/map-assets/rhinelandmap-promods-rc",
  "Rhineland Map Combo Fix": "https://truckymods.io/euro-truck-simulator-2/map-patches/rhineland-map-fix-318620",
  "RIW 2.1": "https://truckymods.io/euro-truck-simulator-2/maps/road-into-wilderness",
  "RIW Cross-sea Bridge Remover": "https://truckymods.io/euro-truck-simulator-2/map-patches/riw-cross-sea-bridge-remover-630691",
  "RIW models": "https://truckymods.io/euro-truck-simulator-2/maps/road-into-wilderness",
  "RIW to Beyond RC": "https://truckymods.io/euro-truck-simulator-2/maps/road-into-wilderness-road-to-africa-road-connection",
  "RIW to Heart of Africa": "https://truckymods.io/euro-truck-simulator-2/maps/riw-heart-of-africa-rc",
  "RIW to Horn of Africa": "https://beta.truckymods.io/euro-truck-simulator-2/maps/road-into-wilderness-horn-of-africa-road-connection",
  "Road to Caucasus - Caucasus Dream Map RC (no Promods)": "https://truckymods.io/euro-truck-simulator-2/maps/road-to-caucasus-caucasus-dream-map-road-connector",
  "Road to Caucasus - Promods RC": "https://truckymods.io/euro-truck-simulator-2/maps/road-to-caucasus-promods-road-connector",
  "Road to Caucasus - RusMap[Aldimator] RC v.1.2": "https://truckymods.io/euro-truck-simulator-2/maps/road-to-caucasus-rusmap-aldimator-road-connector",
  "Road to Caucasus Beta Version 1.9": "https://truckymods.io/euro-truck-simulator-2/maps/road-to-caucasus",
  "Roads of Chunghwa - Beyond RC": "https://truckymods.io/euro-truck-simulator-2/map-patches/roads-of-chunghwa-beyond-rc-138069",
  "Roads of Chunghwa - Truck Dream Road RC": "https://truckymods.io/euro-truck-simulator-2/map-patches/roads-of-chunghwa-truck-dream-road-rc-523835",
  "Roads of Chunghwa FIX": "https://truckymods.io/euro-truck-simulator-2/map-patches/roads-of-chunghwa-fix-740772",
  "ROEX47Core": "https://www.roextended.ro/roextended.html",
  "ROEX47Main1": "https://www.roextended.ro/roextended.html",
  "ROEX47Main2": "https://www.roextended.ro/roextended.html",
  "ROEX47Main3": "https://www.roextended.ro/roextended.html",
  "ROEX47Main4": "https://www.roextended.ro/roextended.html",
  "ROEX47PMME": "https://sharemods.com/ytzuy1bdcznl/ROEX47PMMEv2.scs.html",
  "ROEX47RusMap255": "https://sharemods.com/4m7e0qjgei40/ROEX47RM255.scs.html",
  "ROEX47SR13.1 RC": "https://sharemods.com/eqpxpjamo6zk/ROEX47SR131.scs.html",
  "Roextended - DonbassMap RC": "https://truckymods.io/euro-truck-simulator-2/map-patches/roextended-donbass-map-rc-794064",
  "Roextended Combo Fix": "https://truckymods.io/euro-truck-simulator-2/map-patches/roex-fix-224260",
  "Rr\\xc3\\xb6fte Kosova - West Balkans Improvements": "https://truckymods.io/euro-truck-simulator-2/maps/rrofte-kosova-west-balkans-improvements",
  "Rtischevo - Atkarsk RC": "https://modsfire.com/ihJlbBqf4BuW7Ou",
  "RusCentryMap": "https://kieqw.github.io/kieqwmods.github.io/ruscentrymap.html",
  "RusCentryMap - Kirov Map - SibirMap RC": "https://kieqw.github.io/kieqwmods.github.io/ruscentrymap-kirov-rc.html",
  "Rusmap Donbass Fix": "https://truckymods.io/euro-truck-simulator-2/map-patches/rusmap-donbass-fix-613707",
  "Rusmap NNMap Fix": "https://truckymods.io/euro-truck-simulator-2/map-patches/rusmap-nnmap-fix-469943",
  "RusMap- Road To Caucasus RC": "https://truckymods.io/euro-truck-simulator-2/map-patches/rusmap-road-to-caucasus-rc-241841",
  "RusMap_Def": "https://modsfire.com/H1R4cp8v2eJs4ku",
  "RusMap_Map": "https://modsfire.com/H1R4cp8v2eJs4ku",
  "RusMap_Models": "https://modsfire.com/H1R4cp8v2eJs4ku",
  "Russian Federation Extended": "https://truckymods.io/euro-truck-simulator-2/maps/m5-ural-highway#nav-builds",
  "Russian Federation Extended - Aldimator Rusmap RC \u0026 Fix": "https://truckymods.io/euro-truck-simulator-2/map-patches/russian-federation-extended-aldimator-rusmap-rc-fix-369668",
  "Russian Federation Extended SibirMap RC": "https://truckymods.io/euro-truck-simulator-2/maps/m5-ural-highway#nav-builds",
  "Russian Federation Extended x NNMap RC": "https://truckymods.io/euro-truck-simulator-2/maps/m5-ural-highway#nav-builds",
  "Russian Open Spaces Map Combo RC\u0026FIX(Kirov PAID Ver.)": "https://truckymods.io/euro-truck-simulator-2/map-patches/russian-open-spaces-map-combo-rcfix-857056",
  "Russian_open_spaces": "https://truckymods.io/euro-truck-simulator-2/maps/russian-open-spaces",
  "Santiago de Compostela a\\xc3\\xb1adido": "https://sharemods.com/re1rrdbop3wk/santiago11.scs.html",
  "Santiago de Compostela a\u00F1adido": "https://www.sharemods.com/q60s61fy9awt/santiago10.scs.html",
  "Scandinavia Combo Fix": "https://truckymods.io/euro-truck-simulator-2/map-patches/scandinavia-combo-fix-906034",
  "Scandinavia Rebuild - A Promods Add-On": "https://truckymods.io/euro-truck-simulator-2/maps/scandinavia-rebuild-a-promods-add-onx",
  "Scandinavia Rebuild - The Cold North Map RC": "https://truckymods.io/euro-truck-simulator-2/map-patches/scandinavia-rebuild-the-cold-north-map-rc-565549",
  "Segezha (VK RusMap)-Severodvinsk (Project Russia) RC v1.1": "https://truckymods.io/euro-truck-simulator-2/maps/segezha-vk-rusmap-severodvinsk-road-to-arkhangelsk-road-connection",
  "Senj Map Add-on": "https://truckymods.io/euro-truck-simulator-2/maps/senj-west-balkans-map-add-on",
  "SFIGC - Promods Addon": "https://truckymods.io/euro-truck-simulator-2/maps/sfigc",
  "SibirMap 2.11.0 Support Version": "https://sharemods.com/tc0h89201lew/Sibir211FV.scs.html",
  "SibirMap Combo Fix": "https://truckymods.io/euro-truck-simulator-2/map-patches/sibirmap-combo-fix-672404",
  "SiSL\u0027s Mega Pack": "https://steamcommunity.com/sharedfiles/filedetails/?id=645553604",
  "SJMap": "https://truckymods.io/euro-truck-simulator-2/maps/sjmap",
  "Slovensko\u002B v3.3.1": "https://truckymods.io/euro-truck-simulator-2/maps/slovensko-slovakia-refresh-547927",
  "Slovensko\u002B v3.4.5": "https://truckymods.io/euro-truck-simulator-2/maps/slovensko-slovakia-refresh-547927",
  "Sound Fixes Pack v24.46.1 - ETS2": "https://steamcommunity.com/sharedfiles/filedetails/?id=648591060",
  "Sound Fixes Pack v25.22 - ETS2": "https://steamcommunity.com/sharedfiles/filedetails/?id=648591060",
  "Southeast Asia FIX": "https://truckymods.io/euro-truck-simulator-2/map-assets/southeast-asia-fix",
  "Southeast Asia Map Ver 0.2.6.1 1.55": "https://sharemods.com/42kmi2u9ssmq/Southeast_Asia_Map_Ver_0.2.6.1_1.55.scs.html",
  "SpedV Frachtkontor": "https://steamcommunity.com/sharedfiles/filedetails/?id=1559678269",
  "SR Promods RC - Roex Fix": "https://truckymods.io/euro-truck-simulator-2/map-patches/srmap-caucasus-dream-promods-fix-692384",
  "SRM DBmap RusMap RC": "https://truckymods.io/euro-truck-simulator-2/map-patches/srmap-dbmap-rusmap-rc-668075",
  "SRMap CaucasusDreamMap Fix": "https://beta.truckymods.io/euro-truck-simulator-2/map-patches/srmap-caucasusdreammap-fix-496703",
  "SRMap Combo Fix": "https://truckymods.io/euro-truck-simulator-2/map-patches/altai-sr-fix-931221",
  "SRmap v.13.1": "https://sharemods.com/72tqnfm76wxy/SRMod_v13_1.scs.html",
  "Strands Ambassador 9\u0022": "https://steamcommunity.com/sharedfiles/filedetails/?id=2921504967",
  "Strands Ambassador 9\\": "https://steamcommunity.com/sharedfiles/filedetails/?id=2921504967",
  "Sud de France": "https://www.mediafire.com/file/qenzdn5h5hm5zvq",
  "Tasmania Rusmap Fix": "truckymods.io/euro-truck-simulator-2/map-patches/australia-tasmania-map-fix",
  "The Cold North Map": "https://truckymods.io/euro-truck-simulator-2/maps/the-cold-north-map",
  "Tours (Map Add-on)": "https://truckymods.io/euro-truck-simulator-2/maps/tours-map-add-on",
  "Trans-Siberia Altai Map RC": "https://truckymods.io/euro-truck-simulator-2/map-patches/trans-siberian-truckway-altai-map-rc-206996",
  "Trans-Siberia Beyond RC": "https://truckymods.io/euro-truck-simulator-2/map-patches/trans-siberian-truckway-beyond-rc",
  "Trans-Siberia BOTT RC": "https://truckymods.io/euro-truck-simulator-2/map-patches/trans-siberian-truckway-belt-of-the-tundra-rc",
  "Trans-Siberia Off the Grid RC": "https://truckymods.io/euro-truck-simulator-2/map-patches/trans-siberian-truckway-off-the-grid-rc",
  "Trans-Siberia Sibirmap Paid RC": "https://truckymods.io/euro-truck-simulator-2/map-patches/trans-siberian-truckway-sibirmap-rc#nav-builds",
  "Trans-Siberia Truck Dream Road RC": "https://truckymods.io/euro-truck-simulator-2/map-patches/trans-siberian-truckway-truck-dream-road-rc-998220",
  "Trans-Siberian Truckway": "https://truckymods.io/euro-truck-simulator-2/maps/trans-siberian-truckway",
  "Truck Dream Road FIX": "https://truckymods.io/euro-truck-simulator-2/map-patches/truck-dream-road-fix-890381",
  "Truck Dream Road Signs Fix": "https://truckymods.io/euro-truck-simulator-2/map-patches/truck-dream-road-signs-fix-777399",
  "Truck Traffic Pack by Jazzycat v9.1.11": "https://www.modland.net/user/jazzycat",
  "Universal Ferry Route Adjustment": "https://truckymods.io/euro-truck-simulator-2/map-patches/universal-ferry-route-adjustment-330756",
  "Universal FIX \u0026 Localization": "https://truckymods.io/euro-truck-simulator-2/map-patches/universal-fix-localization-583165",
  "Ural Map - Russian Federation Extended RC": "https://truckymods.io/euro-truck-simulator-2/map-patches/ural-map-russian-federation-extended-rc-193806",
  "Ural Map 1.6": "https://truckymods.io/euro-truck-simulator-2/maps/ural-map",
  "Ural map NOS RC 2.0": "https://kieqw.github.io/kieqwmods.github.io/ural-map-rc.html",
  "VolgaMap 1.5.3": "https://sharemods.com/t6apnjzlg9fb/VolgaMap_1_5_3.scs.html",
  "Volvo FH Interiors Edition Collection": "https://steamcommunity.com/sharedfiles/filedetails/?l=german\u0026id=2806012932",
  "Volvo FH2022 Addon Disabling animation of the steering column": "https://sanax.gumroad.com/l/fh2022premium",
  "Volvo FH2022 Addon for SiSL\u0027s Mega Pack": "https://sanax.gumroad.com/l/fh2022premium",
  "Volvo FH2022 Dark GPS Screen for mod versions 1.10\u002B": "https://sanax.gumroad.com/l/fh2022premium",
  "Volvo FH2022 Premium by Sanax [BASE]": "https://sanax.gumroad.com/l/fh2022premium",
  "Volvo FH2022 Premium by Sanax [DEF]": "https://sanax.gumroad.com/l/fh2022premium",
  "Volvo FH6 Improved Dashboard": "https://steamcommunity.com/workshop/filedetails/?id=3387530958",
  "Volvo FH6 Improved Engine Sound": "https://steamcommunity.com/workshop/filedetails/?id=3386674182",
  "Wakkanai Map": "https://truckymods.io/euro-truck-simulator-2/maps/wakkanai-the-gateway-to-japan-625895",
  "Wakkanai Map Combo Fix": "https://truckymods.io/euro-truck-simulator-2/map-patches/wakkanai-map-combo-fix-422618",
  "West Africa": "https://truckymods.io/euro-truck-simulator-2/maps/west-africa",
  "West Africa - RIW RC": "https://truckymods.io/euro-truck-simulator-2/map-patches/west-africa-riw-rc-912075",
  "West Balkans Path-breaker\\xe2\\x80\\x99s Direction (WBPD) Map Mod": "https://truckymods.io/euro-truck-simulator-2/maps/wbpd-west-balkans-path-breakers-direction-map#nav-builds",
  "WestAfrica Riw Fix": "https://truckymods.io/euro-truck-simulator-2/map-patches/west-africa-fix",
  "Xenon Lights": "https://steamcommunity.com/sharedfiles/filedetails/?l=german\u0026id=2043171222",
  "[1.54] Krone Profi Box Carrier Pack [Krone DLC required]": "https://steamcommunity.com/sharedfiles/filedetails/?l=german\u0026id=2421393956",
  "[1.54] Krone Swap Body Pack (Mod Dependency) [Krone DLC required]": "https://steamcommunity.com/sharedfiles/filedetails/?l=german\u0026id=2547989482",
  "[1.54] Swap Body Carrier Chassis Pack [Krone DLC required]": "https://steamcommunity.com/sharedfiles/filedetails/?id=2436047420",
  "[SRmap] Novorossiysk Port Improved": "https://truckymods.io/euro-truck-simulator-2/maps/novorossiysk-port-improved",
  "\\xd0\\xa7\\xd1\\x83\\xd0\\xba\\xd0\\xbe\\xd1\\x82\\xd1\\x81\\xd0\\xba\\xd0\\xb8\\xd0\\xb9 \\xd0\\x90\\xd0\\xb2\\xd1\\x82\\xd0\\xbe\\xd0\\xbd\\xd0\\xbe\\xd0\\xbc\\xd0\\xbd\\xd1\\x8b\\xd0\\xb9 \\xd0\\x9e\\xd0\\xba\\xd1\\x80\\xd1\\x83\\xd0\\xb3 Add-on": "https://truckymods.io/euro-truck-simulator-2/maps/cukotskii-avtonomnyi-okrug-add-on",
  "\\xe3\\x80\\x90\\xe5\\x8d\\xa1\\xe8\\xbd\\xa6\\xe6\\xa2\\xa6\\xe4\\xb9\\x8b\\xe8\\xb7\\xaf\\xe4\\xb8\\x93\\xe5\\xb1\\x9e\\xe8\\xaf\\xad\\xe9\\x9f\\xb3\\xe5\\xaf\\xbc\\xe8\\x88\\xaa\\xe5\\x8c\\x85\\xe3\\x80\\x91": "https://sharemods.com/3h1912w3bycz/Truck_dream_road.html",
  "\\xe5\\x8d\\xa1\\xe8\\xbd\\xa6\\xe6\\xa2\\xa6\\xe4\\xb9\\x8b\\xe8\\xb7\\xafui\\xe5\\x8c\\x85": "https://sharemods.com/3h1912w3bycz/Truck_dream_road.html",
  "\\xe5\\x8d\\xa1\\xe8\\xbd\\xa6\\xe6\\xa2\\xa6\\xe4\\xb9\\x8b\\xe8\\xb7\\xafv2": "https://sharemods.com/3h1912w3bycz/Truck_dream_road.html",
  "\u0427\u0443\u043A\u043E\u0442\u0441\u043A\u0438\u0439 \u0410\u0432\u0442\u043E\u043D\u043E\u043C\u043D\u044B\u0439 \u041E\u043A\u0440\u0443\u0433 Add-on": "https://truckymods.io/euro-truck-simulator-2/maps/cukotskii-avtonomnyi-okrug-add-on"
}